Workbook

Sheet DASHBOARD
A1: REFINEMENT TRACKER - DASHBOARD
A2: Last Updated | B2: =TODAY() | C2: Current Sprint | D2: 1
A4: QUICK METRICS
A6: Total Stories | C6: 91 | E6: Status | F6: =IF(F9="","-",IF(F9>=6.5,"🟢 On Track",IF(F9>=4,"🟡 At Risk","🔴 Critical")))
A7: To Refine (Open) | C7: 84 | E7: Risk Level | F7: =IF(C10>60,"🔴 HIGH",IF(C10>40,"🟡 MEDIUM","🟢 LOW"))
A8: Already Refined (Ready) | C8: 7
A9: Completed So Far | C9: =SUM('SESSION LOG'!F:F) | E9: Current Velocity | F9: =IF(COUNTA('SESSION LOG'!F2:F16)=0,0,AVERAGE('SESSION LOG'!F2:F16))
A10: Remaining | C10: =IF(ISBLANK(C9),84,84-C9) | E10: Target Velocity | F10: 6.5
A11: Progress % | C11: =IF(C9=0,0,C9/84*100) | E11: Projected Completion | F11: =IF(OR(F9=0,F9=""),"TBD","Sprint "&ROUNDUP(C10/F9/3+1,0))
A13: SESSION SUMMARY (LAST 3)
B14: Session | C14: Sprint | D14: Date | E14: Stories Refined | F14: Cumulative | G14: Status
B15: =IF(COUNTA('SESSION LOG'!A:A)<=1,"",INDEX('SESSION LOG'!A:A,COUNTA('SESSION LOG'!A:A))) | C15: =IF(COUNTA('SESSION LOG'!A:A)<=1,"",INDEX('SESSION LOG'!B:B,COUNTA('SESSION LOG'!A:A))) | D15: =IF(COUNTA('SESSION LOG'!A:A)<=1,"",INDEX('SESSION LOG'!C:C,COUNTA('SESSION LOG'!A:A))) | E15: =IF(COUNTA('SESSION LOG'!A:A)<=1,"",INDEX('SESSION LOG'!F:F,COUNTA('SESSION LOG'!A:A))) | F15: =IF(COUNTA('SESSION LOG'!A:A)<=1,"",INDEX('SESSION LOG'!G:G,COUNTA('SESSION LOG'!A:A))) | G15: =IF(COUNTA('SESSION LOG'!A:A)<=1,"",INDEX('SESSION LOG'!J:J,COUNTA('SESSION LOG'!A:A)))
B16: =IF(COUNTA('SESSION LOG'!A:A)<=2,"",INDEX('SESSION LOG'!A:A,COUNTA('SESSION LOG'!A:A)-1)) | C16: =IF(COUNTA('SESSION LOG'!A:A)<=2,"",INDEX('SESSION LOG'!B:B,COUNTA('SESSION LOG'!A:A)-1)) | D16: =IF(COUNTA('SESSION LOG'!A:A)<=2,"",INDEX('SESSION LOG'!C:C,COUNTA('SESSION LOG'!A:A)-1)) | E16: =IF(COUNTA('SESSION LOG'!A:A)<=2,"",INDEX('SESSION LOG'!F:F,COUNTA('SESSION LOG'!A:A)-1)) | F16: =IF(COUNTA('SESSION LOG'!A:A)<=2,"",INDEX('SESSION LOG'!G:G,COUNTA('SESSION LOG'!A:A)-1)) | G16: =IF(COUNTA('SESSION LOG'!A:A)<=2,"",INDEX('SESSION LOG'!J:J,COUNTA('SESSION LOG'!A:A)-1))
B17: =IF(COUNTA('SESSION LOG'!A:A)<=3,"",INDEX('SESSION LOG'!A:A,COUNTA('SESSION LOG'!A:A)-2)) | C17: =IF(COUNTA('SESSION LOG'!A:A)<=3,"",INDEX('SESSION LOG'!B:B,COUNTA('SESSION LOG'!A:A)-2)) | D17: =IF(COUNTA('SESSION LOG'!A:A)<=3,"",INDEX('SESSION LOG'!C:C,COUNTA('SESSION LOG'!A:A)-2)) | E17: =IF(COUNTA('SESSION LOG'!A:A)<=3,"",INDEX('SESSION LOG'!F:F,COUNTA('SESSION LOG'!A:A)-2)) | F17: =IF(COUNTA('SESSION LOG'!A:A)<=3,"",INDEX('SESSION LOG'!G:G,COUNTA('SESSION LOG'!A:A)-2)) | G17: =IF(COUNTA('SESSION LOG'!A:A)<=3,"",INDEX('SESSION LOG'!J:J,COUNTA('SESSION LOG'!A:A)-2))
A19: WEEKLY REPORT (Auto-Generated)
A20: Report Text | B20: ="REFINEMENT PROGRESS - Week of "&TEXT(TODAY(),"MMM DD, YYYY")&CHAR(10)&CHAR(10)&"✅ STORIES REFINED THIS WEEK"&CHAR(10)&" • Sessions conducted: "&COUNTIFS('SESSION LOG'!C:C,">="&TODAY()-7,'SESSION LOG'!C:C,"<="&TODAY())&CHAR(10)&" • Stories moved to Ready: "&SUMIFS('SESSION LOG'!F:F,'SESSION LOG'!C:C,">="&TODAY()-7,'SESSION LOG'!C:C,"<="&TODAY())&CHAR(10)&" • Cumulative progress: "&C9&"/84 ("&ROUND(C11,0)&"%)"&CHAR(10)&CHAR(10)&"📈 VELOCITY METRICS"&CHAR(10)&" • Current velocity: "&ROUND(F9,1)&" stories/session"&CHAR(10)&" • Target velocity: 6.5 stories/session"&CHAR(10)&" • Status: "&F6&CHAR(10)&CHAR(10)&"📅 TIMELINE"&CHAR(10)&" • Sessions remaining: "&(15-COUNTA('SESSION LOG'!F2:F16))&CHAR(10)&" • Projected completion: "&F11&CHAR(10)&" • On track for Sprint 5: "&IF(F11="Sprint 5","YES ✅",IF(F11="Sprint 6","ALMOST ⚠️","NO ❌"))

Sheet SESSION LOG
A1: SESSION LOG - Data Entry (Update After Each Session)
A2: Session # | B2: Sprint | C2: Date | D2: Day | E2: Target Stories | F2: Stories Refined | G2: Cumulative | H2: Remaining | I2: Velocity | J2: Status | K2: Notes/Blockers
A3: 1 | B3: 1 | C3: 2025-11-05 | D3: Tuesday | E3: 7 | F3: 0 | G3: =SUM($F$3:F3) | H3: =84-G3 | I3: =F3 | J3: =IF(ISBLANK(I3),"",IF(I3>=6.5,"🟢",IF(I3>=4,"🟡","🔴"))) | K3: Learning session
A4: 2 | B4: 1 | C4: 2025-11-07 | D4: Thursday | E4: 7 | F4: 1 | G4: =SUM($F$3:F4) | H4: =84-G4 | I4: =F4 | J4: =IF(ISBLANK(I4),"",IF(I4>=6.5,"🟢",IF(I4>=4,"🟡","🔴"))) | K4: Team alignment
A5: 3 | B5: 1 | C5: 2025-11-12 | D5: Tuesday | E5: 7 | G5: =SUM($F$3:F5) | H5: =84-G5 | I5: =F5 | J5: =IF(ISBLANK(I5),"",IF(I5>=6.5,"🟢",IF(I5>=4,"🟡","🔴")))
A6: 4 | B6: 2 | C6: 2025-11-19 | D6: Tuesday | E6: 7 | G6: =SUM($F$3:F6) | H6: =84-G6 | I6: =F6 | J6: =IF(ISBLANK(I6),"",IF(I6>=6.5,"🟢",IF(I6>=4,"🟡","🔴")))
A7: 5 | B7: 2 | C7: 2025-11-21 | D7: Thursday | E7: 7 | G7: =SUM($F$3:F7) | H7: =84-G7 | I7: =F7 | J7: =IF(ISBLANK(I7),"",IF(I7>=6.5,"🟢",IF(I7>=4,"🟡","🔴")))
A8: 6 | B8: 2 | C8: 2025-11-26 | D8: Tuesday | E8: 7 | G8: =SUM($F$3:F8) | H8: =84-G8 | I8: =F8 | J8: =IF(ISBLANK(I8),"",IF(I8>=6.5,"🟢",IF(I8>=4,"🟡","🔴")))
A9: 7 | B9: 3 | C9: 2025-12-03 | D9: Tuesday | E9: 7 | G9: =SUM($F$3:F9) | H9: =84-G9 | I9: =F9 | J9: =IF(ISBLANK(I9),"",IF(I9>=6.5,"🟢",IF(I9>=4,"🟡","🔴")))
A10: 8 | B10: 3 | C10: 2025-12-05 | D10: Thursday | E10: 7 | G10: =SUM($F$3:F10) | H10: =84-G10 | I10: =F10 | J10: =IF(ISBLANK(I10),"",IF(I10>=6.5,"🟢",IF(I10>=4,"🟡","🔴")))
A11: 9 | B11: 3 | C11: 2025-12-10 | D11: Tuesday | E11: 7 | G11: =SUM($F$3:F11) | H11: =84-G11 | I11: =F11 | J11: =IF(ISBLANK(I11),"",IF(I11>=6.5,"🟢",IF(I11>=4,"🟡","🔴")))
A12: 10 | B12: 4 | C12: 2025-12-17 | D12: Tuesday | E12: 7 | G12: =SUM($F$3:F12) | H12: =84-G12 | I12: =F12 | J12: =IF(ISBLANK(I12),"",IF(I12>=6.5,"🟢",IF(I12>=4,"🟡","🔴")))
A13: 11 | B13: 4 | C13: 2025-12-19 | D13: Thursday | E13: 7 | G13: =SUM($F$3:F13) | H13: =84-G13 | I13: =F13 | J13: =IF(ISBLANK(I13),"",IF(I13>=6.5,"🟢",IF(I13>=4,"🟡","🔴")))
A14: 12 | B14: 4 | C14: 2025-12-24 | D14: Tuesday | E14: 7 | G14: =SUM($F$3:F14) | H14: =84-G14 | I14: =F14 | J14: =IF(ISBLANK(I14),"",IF(I14>=6.5,"🟢",IF(I14>=4,"🟡","🔴")))
A15: 13 | B15: 5 | C15: 2026-01-07 | D15: Tuesday | E15: 7 | G15: =SUM($F$3:F15) | H15: =84-G15 | I15: =F15 | J15: =IF(ISBLANK(I15),"",IF(I15>=6.5,"🟢",IF(I15>=4,"🟡","🔴")))
A16: 14 | B16: 5 | C16: 2026-01-09 | D16: Thursday | E16: 7 | G16: =SUM($F$3:F16) | H16: =84-G16 | I16: =F16 | J16: =IF(ISBLANK(I16),"",IF(I16>=6.5,"🟢",IF(I16>=4,"🟡","🔴")))
A17: 15 | B17: 5 | C17: 2026-01-14 | D17: Tuesday | E17: 7 | G17: =SUM($F$3:F17) | H17: =84-G17 | I17: =F17 | J17: =IF(ISBLANK(I17),"",IF(I17>=6.5,"🟢",IF(I17>=4,"🟡","🔴")))
A19: INSTRUCTIONS: Update ONLY column F after each session. Everything else auto-calculates!

Sheet BURNDOWN CHART DATA
A1: BURNDOWN CHART DATA
A2: Session # | B2: Sprint | C2: Stories Remaining (Ideal) | D2: Stories Remaining (Actual) | E2: Variance | F2: Status
A3: 0 | B3: 1 | C3: 84 | D3: 84 | E3: 0 | F3: Start
A4: =INDEX('SESSION LOG'!A:A,3) | B4: =INDEX('SESSION LOG'!B:B,3) | C4: =84-5.6*(1) | D4: =INDEX('SESSION LOG'!H:H,3) | E4: =D4-C4 | F4: =IF(E4>=0,"🟢",IF(E4>=-5,"🟡","🔴"))
A5: =INDEX('SESSION LOG'!A:A,4) | B5: =INDEX('SESSION LOG'!B:B,4) | C5: =84-5.6*(2) | D5: =INDEX('SESSION LOG'!H:H,4) | E5: =D5-C5 | F5: =IF(E5>=0,"🟢",IF(E5>=-5,"🟡","🔴"))
A6: =INDEX('SESSION LOG'!A:A,5) | B6: =INDEX('SESSION LOG'!B:B,5) | C6: =84-5.6*(3) | D6: =INDEX('SESSION LOG'!H:H,5) | E6: =D6-C6 | F6: =IF(E6>=0,"🟢",IF(E6>=-5,"🟡","🔴"))
A7: =INDEX('SESSION LOG'!A:A,6) | B7: =INDEX('SESSION LOG'!B:B,6) | C7: =84-5.6*(4) | D7: =INDEX('SESSION LOG'!H:H,6) | E7: =D7-C7 | F7: =IF(E7>=0,"🟢",IF(E7>=-5,"🟡","🔴"))
A8: =INDEX('SESSION LOG'!A:A,7) | B8: =INDEX('SESSION LOG'!B:B,7) | C8: =84-5.6*(5) | D8: =INDEX('SESSION LOG'!H:H,7) | E8: =D8-C8 | F8: =IF(E8>=0,"🟢",IF(E8>=-5,"🟡","🔴"))
A9: =INDEX('SESSION LOG'!A:A,8) | B9: =INDEX('SESSION LOG'!B:B,8) | C9: =84-5.6*(6) | D9: =INDEX('SESSION LOG'!H:H,8) | E9: =D9-C9 | F9: =IF(E9>=0,"🟢",IF(E9>=-5,"🟡","🔴"))
A10: =INDEX('SESSION LOG'!A:A,9) | B10: =INDEX('SESSION LOG'!B:B,9) | C10: =84-5.6*(7) | D10: =INDEX('SESSION LOG'!H:H,9) | E10: =D10-C10 | F10: =IF(E10>=0,"🟢",IF(E10>=-5,"🟡","🔴"))
A11: =INDEX('SESSION LOG'!A:A,10) | B11: =INDEX('SESSION LOG'!B:B,10) | C11: =84-5.6*(8) | D11: =INDEX('SESSION LOG'!H:H,10) | E11: =D11-C11 | F11: =IF(E11>=0,"🟢",IF(E11>=-5,"🟡","🔴"))
A12: =INDEX('SESSION LOG'!A:A,11) | B12: =INDEX('SESSION LOG'!B:B,11) | C12: =84-5.6*(9) | D12: =INDEX('SESSION LOG'!H:H,11) | E12: =D12-C12 | F12: =IF(E12>=0,"🟢",IF(E12>=-5,"🟡","🔴"))
A13: =INDEX('SESSION LOG'!A:A,12) | B13: =INDEX('SESSION LOG'!B:B,12) | C13: =84-5.6*(10) | D13: =INDEX('SESSION LOG'!H:H,12) | E13: =D13-C13 | F13: =IF(E13>=0,"🟢",IF(E13>=-5,"🟡","🔴"))
A14: =INDEX('SESSION LOG'!A:A,13) | B14: =INDEX('SESSION LOG'!B:B,13) | C14: =84-5.6*(11) | D14: =INDEX('SESSION LOG'!H:H,13) | E14: =D14-C14 | F14: =IF(E14>=0,"🟢",IF(E14>=-5,"🟡","🔴"))
A15: =INDEX('SESSION LOG'!A:A,14) | B15: =INDEX('SESSION LOG'!B:B,14) | C15: =84-5.6*(12) | D15: =INDEX('SESSION LOG'!H:H,14) | E15: =D15-C15 | F15: =IF(E15>=0,"🟢",IF(E15>=-5,"🟡","🔴"))
A16: =INDEX('SESSION LOG'!A:A,15) | B16: =INDEX('SESSION LOG'!B:B,15) | C16: =84-5.6*(13) | D16: =INDEX('SESSION LOG'!H:H,15) | E16: =D16-C16 | F16: =IF(E16>=0,"🟢",IF(E16>=-5,"🟡","🔴"))
A17: =INDEX('SESSION LOG'!A:A,16) | B17: =INDEX('SESSION LOG'!B:B,16) | C17: =84-5.6*(14) | D17: =INDEX('SESSION LOG'!H:H,16) | E17: =D17-C17 | F17: =IF(E17>=0,"🟢",IF(E17>=-5,"🟡","🔴"))
A18: =INDEX('SESSION LOG'!A:A,17) | B18: =INDEX('SESSION LOG'!B:B,17) | C18: =84-5.6*(15) | D18: =INDEX('SESSION LOG'!H:H,17) | E18: =D18-C18 | F18: =IF(E18>=0,"🟢",IF(E18>=-5,"🟡","🔴"))

Sheet BURNUP CHART DATA
A1: BURNUP CHART DATA
A2: Session # | B2: Sprint | C2: Stories Refined (Target) | D2: Stories Refined (Actual) | E2: Total Scope | F2: Gap
A3: 0 | B3: 1 | C3: 0 | D3: 0 | E3: 84 | F3: 0
A4: =INDEX('SESSION LOG'!A:A,3) | B4: =INDEX('SESSION LOG'!B:B,3) | C4: =5.6*(1) | D4: =INDEX('SESSION LOG'!G:G,3) | E4: 84 | F4: =D4-C4
A5: =INDEX('SESSION LOG'!A:A,4) | B5: =INDEX('SESSION LOG'!B:B,4) | C5: =5.6*(2) | D5: =INDEX('SESSION LOG'!G:G,4) | E5: 84 | F5: =D5-C5
A6: =INDEX('SESSION LOG'!A:A,5) | B6: =INDEX('SESSION LOG'!B:B,5) | C6: =5.6*(3) | D6: =INDEX('SESSION LOG'!G:G,5) | E6: 84 | F6: =D6-C6
A7: =INDEX('SESSION LOG'!A:A,6) | B7: =INDEX('SESSION LOG'!B:B,6) | C7: =5.6*(4) | D7: =INDEX('SESSION LOG'!G:G,6) | E7: 84 | F7: =D7-C7
A8: =INDEX('SESSION LOG'!A:A,7) | B8: =INDEX('SESSION LOG'!B:B,7) | C8: =5.6*(5) | D8: =INDEX('SESSION LOG'!G:G,7) | E8: 84 | F8: =D8-C8
A9: =INDEX('SESSION LOG'!A:A,8) | B9: =INDEX('SESSION LOG'!B:B,8) | C9: =5.6*(6) | D9: =INDEX('SESSION LOG'!G:G,8) | E9: 84 | F9: =D9-C9
A10: =INDEX('SESSION LOG'!A:A,9) | B10: =INDEX('SESSION LOG'!B:B,9) | C10: =5.6*(7) | D10: =INDEX('SESSION LOG'!G:G,9) | E10: 84 | F10: =D10-C10
A11: =INDEX('SESSION LOG'!A:A,10) | B11: =INDEX('SESSION LOG'!B:B,10) | C11: =5.6*(8) | D11: =INDEX('SESSION LOG'!G:G,10) | E11: 84 | F11: =D11-C11
A12: =INDEX('SESSION LOG'!A:A,11) | B12: =INDEX('SESSION LOG'!B:B,11) | C12: =5.6*(9) | D12: =INDEX('SESSION LOG'!G:G,11) | E12: 84 | F12: =D12-C12
A13: =INDEX('SESSION LOG'!A:A,12) | B13: =INDEX('SESSION LOG'!B:B,12) | C13: =5.6*(10) | D13: =INDEX('SESSION LOG'!G:G,12) | E13: 84 | F13: =D13-C13
A14: =INDEX('SESSION LOG'!A:A,13) | B14: =INDEX('SESSION LOG'!B:B,13) | C14: =5.6*(11) | D14: =INDEX('SESSION LOG'!G:G,13) | E14: 84 | F14: =D14-C14
A15: =INDEX('SESSION LOG'!A:A,14) | B15: =INDEX('SESSION LOG'!B:B,14) | C15: =5.6*(12) | D15: =INDEX('SESSION LOG'!G:G,14) | E15: 84 | F15: =D15-C15
A16: =INDEX('SESSION LOG'!A:A,15) | B16: =INDEX('SESSION LOG'!B:B,15) | C16: =5.6*(13) | D16: =INDEX('SESSION LOG'!G:G,15) | E16: 84 | F16: =D16-C16
A17: =INDEX('SESSION LOG'!A:A,16) | B17: =INDEX('SESSION LOG'!B:B,16) | C17: =5.6*(14) | D17: =INDEX('SESSION LOG'!G:G,16) | E17: 84 | F17: =D17-C17
A18: =INDEX('SESSION LOG'!A:A,17) | B18: =INDEX('SESSION LOG'!B:B,17) | C18: =5.6*(15) | D18: =INDEX('SESSION LOG'!G:G,17) | E18: 84 | F18: =D18-C18

Sheet EPIC PROGRESS
A1: EPIC PROGRESS
A2: Epic ID | B2: Epic Name | C2: Total | D2: Open | E2: Ready | F2: Other | G2: % Complete | H2: Priority | I2: Sprint
A3: SSF-123 | B3: Fishing Operations | C3: 14 | D3: 13 | E3: 1 | F3: 0 | G3: =IF(C3=0,0,E3/C3*100) | H3: HIGH | I3: 1-2
A4: SSF-96 | B4: Login & Session | C4: 12 | D4: 6 | E4: 6 | F4: 0 | G4: =IF(C4=0,0,E4/C4*100) | H4: CRITICAL | I4: 1
A5: SSF-122 | B5: Departure & Catches | C5: 10 | D5: 10 | E5: 0 | F5: 0 | G5: =IF(C5=0,0,E5/C5*100) | H5: HIGH | I5: 2-3
A6: SSF-93 | B6: Gear Management | C6: 10 | D6: 9 | E6: 1 | F6: 0 | G6: =IF(C6=0,0,E6/C6*100) | H6: MEDIUM | I6: 2-3
A7: SSF-95 | B7: Map & Location | C7: 8 | D7: 6 | E7: 2 | F7: 0 | G7: =IF(C7=0,0,E7/C7*100) | H7: MEDIUM | I7: 3-4
A8: SSF-84 | B8: Technical Setup | C8: 8 | D8: 3 | E8: 5 | F8: 0 | G8: =IF(C8=0,0,E8/C8*100) | H8: HIGH | I8: 1
A9: SSF-165 | B9: Backend Infrastructure | C9: 3 | D9: 3 | E9: 0 | F9: 0 | G9: =IF(C9=0,0,E9/C9*100) | H9: MEDIUM | I9: 4-5
A10: SSF-166 | B10: Internationalization | C10: 4 | D10: 3 | E10: 1 | F10: 0 | G10: =IF(C10=0,0,E10/C10*100) | H10: LOW | I10: 5
A11: SSF-162 | B11: Menu & Navigation | C11: 3 | D11: 2 | E11: 1 | F11: 0 | G11: =IF(C11=0,0,E11/C11*100) | H11: MEDIUM | I11: 3
A12: SSF-94 | B12: Home & Widgets | C12: 5 | D12: 4 | E12: 1 | F12: 0 | G12: =IF(C12=0,0,E12/C12*100) | H12: MEDIUM | I12: 2
A13: SSF-86 | B13: Tracking | C13: 6 | D13: 1 | E13: 5 | F13: 0 | G13: =IF(C13=0,0,E13/C13*100) | H13: HIGH | I13: 1
A14: SSF-97 | B14: CI/CD & Deployment | C14: 5 | D14: 5 | E14: 0 | F14: 0 | G14: =IF(C14=0,0,E14/C14*100) | H14: MEDIUM | I14: 4-5
A15: SSF-132 | B15: FMC Integration | C15: 1 | D15: 1 | E15: 0 | F15: 0 | G15: =IF(C15=0,0,E15/C15*100) | H15: MEDIUM | I15: 4

Sheet SESSION CALENDAR
A1: SESSION CALENDAR - All 13 Remaining Sessions
A2: Session # | B2: Sprint | C2: Week | D2: Date | E2: Day | F2: Time | G2: Duration | H2: Target | I2: Prep Deadline | J2: Status | K2: Notes
A3: 3 | B3: 1 | C3: 2 | D3: 2025-11-12 | E3: Tue | F3: 14:00 | G3: 60 | H3: 7 | I3: 2025-11-10 | J3: 🟡 This Week | K3: Quick wins
A4: 4 | B4: 2 | C4: 1 | D4: 2025-11-19 | E4: Tue | F4: 14:00 | G4: 60 | H4: 7 | I4: 2025-11-17 | J4: 🟢 Upcoming | K4: Gear Backend
A5: 5 | B5: 2 | C5: 1 | D5: 2025-11-21 | E5: Thu | F5: 14:00 | G5: 60 | H5: 7 | I5: 2025-11-19 | J5: 🟢 Upcoming | K5: Gear Frontend
A6: 6 | B6: 2 | C6: 2 | D6: 2025-11-26 | E6: Tue | F6: 14:00 | G6: 60 | H6: 7 | I6: 2025-11-24 | J6: 🟢 Upcoming | K6: Map & Location
A7: 7 | B7: 3 | C7: 1 | D7: 2025-12-03 | E7: Tue | F7: 14:00 | G7: 60 | H7: 7 | I7: 2025-12-01 | J7: 🟢 Upcoming | K7: Departure Ops
A8: 8 | B8: 3 | C8: 1 | D8: 2025-12-05 | E8: Thu | F8: 14:00 | G8: 60 | H8: 7 | I8: 2025-12-03 | J8: 🟢 Upcoming | K8: Catches
A9: 9 | B9: 3 | C9: 2 | D9: 2025-12-10 | E9: Tue | F9: 14:00 | G9: 60 | H9: 7 | I9: 2025-12-08 | J9: 🟢 Upcoming | K9: Backend
A10: 10 | B10: 4 | C10: 1 | D10: 2025-12-17 | E10: Tue | F10: 14:00 | G10: 60 | H10: 7 | I10: 2025-12-15 | J10: 🟢 Upcoming | K10: Authentication
A11: 11 | B11: 4 | C11: 1 | D11: 2025-12-19 | E11: Thu | F11: 14:00 | G11: 60 | H11: 7 | I11: 2025-12-17 | J11: 🟢 Upcoming | K11: Infrastructure
A12: 12 | B12: 4 | C12: 2 | D12: 2025-12-24 | E12: Tue | F12: 14:00 | G12: 60 | H12: 7 | I12: 2025-12-22 | J12: 🟢 Upcoming | K12: Buffer
A13: 13 | B13: 5 | C13: 1 | D13: 2026-01-07 | E13: Tue | F13: 14:00 | G13: 60 | H13: 7 | I13: 2026-01-05 | J13: 🟢 Upcoming | K13: Final push
A14: 14 | B14: 5 | C14: 1 | D14: 2026-01-09 | E14: Thu | F14: 14:00 | G14: 60 | H14: 7 | I14: 2026-01-07 | J14: 🟢 Upcoming | K14: Final push
A15: 15 | B15: 5 | C15: 2 | D15: 2026-01-14 | E15: Tue | F15: 14:00 | G15: 60 | H15: 7 | I15: 2026-01-12 | J15: 🟢 Upcoming | K15: Completion
